Велотренажер магнитный EcoFit E-118B,10 864₴,2,https://content2.rozetka.com.ua/goods/images/big/204699007.jpg,https://rozetka.com.ua/ecofit-e-118b/p313796680/
Гантель PowerPlay 4125 виниловая 1 кг Оранжевая (PP_4125_1kg),140₴,10,https://content2.rozetka.com.ua/goods/images/big/232651322.jpg,https://rozetka.com.ua/powerplay-pp-4125-1kg/p324276187/
Орбитрек HouseFit HB 8268ELM,23 084₴,5,https://content2.rozetka.com.ua/goods/images/big/10817305.jpg,https://rozetka.com.ua/housefit_hb_8268elm/p12225284/
Велотренажер 7FIT Boost 8801 (7FB8801),5 935₴,9,https://content2.rozetka.com.ua/goods/images/big/74707607.png,https://rozetka.com.ua/7fit_7fi8018b/p275057158/
Беговая дорожка Jogway TJ532C (by FitLogic),31 584₴,14,https://content2.rozetka.com.ua/goods/images/big/147955201.jpg,https://rozetka.com.ua/jogway_tj532c/p252457441/
Батут SkyJump с защитной сеткой 252 см (SJ8ft252),5 094₴,23,https://content.rozetka.com.ua/goods/images/big/11269814.jpg,https://rozetka.com.ua/skyjump_sj8ft252/p24097430/
Орбитрек с сиденьем USA Style магнитный (US3575black),13 439₴,2,https://content.rozetka.com.ua/goods/images/big/238164222.jpg,https://rozetka.com.ua/usa_style_us3575black/p327284494/
Беговая дорожка EnergyFIT EF-U20,21 279₴,2,https://content2.rozetka.com.ua/goods/images/big/233747643.jpg,https://rozetka.com.ua/energyfit_ef_u20/p306835013/
Степпер со стойкой и эспандерами USA Style Lexfit (LAB-1010),3 080₴,1,https://content1.rozetka.com.ua/goods/images/big/83738465.jpg,https://rozetka.com.ua/usa_style_lab_1010/p275459568/
Орбитрек USA Style магнитный (US5531),11 199₴,7,https://content1.rozetka.com.ua/goods/images/big/9573168.jpg,https://rozetka.com.ua/usa_style_us5531/p270022201/
Орбитрек USA Style магнитный US1515,7 829₴,11,https://content.rozetka.com.ua/goods/images/big/153468482.jpg,https://rozetka.com.ua/usa_style_us1515/p278224718/
Гребной тренажер Besport BS-6031R DRAGER магнитный черно-желтый,13 997₴,"",https://content2.rozetka.com.ua/goods/images/big/160355250.jpg,https://rozetka.com.ua/262985081/p262985081/
Беговая дорожка Jogway TJ35C (by FitLogic),36 960₴,15,https://content.rozetka.com.ua/goods/images/big/147962133.jpg,https://rozetka.com.ua/jogway_tj35/p252465896/
Орбитрек EcoFit магнитный E-118E,13 944₴,1,https://content2.rozetka.com.ua/goods/images/big/205518879.jpg,https://rozetka.com.ua/ecofit-e-118e/p313923457/
Велотренажер InterFit BS1.3 (K8309-6),6 579₴,3,https://content1.rozetka.com.ua/goods/images/big/52309721.jpg,https://rozetka.com.ua/interafit_k8309_6/p17170786/
Станок балетный переносной легкий черный 1500 мм,2 500₴,"",https://content1.rozetka.com.ua/goods/images/big/160513153.jpg,https://rozetka.com.ua/279732803/p279732803/
Беговая дорожка EnergyFIT EF-CY2,8 999₴,"",https://content2.rozetka.com.ua/goods/images/big/233743016.jpg,https://rozetka.com.ua/energyfit_ef_cy2/p306835023/
Батут Techsport диаметр 138 см (TX-7105),6 773₴,1,https://content2.rozetka.com.ua/goods/images/big/185796605.jpg,https://rozetka.com.ua/techsport_tx_b7105/p263140121/
Беговая дорожка EnergyFIT 510D с вибромассажером (510D),11 499₴,14,https://content2.rozetka.com.ua/goods/images/big/123109631.jpg,https://rozetka.com.ua/energyfit_510d/p250697626/
Беговая дорожка Kingsmith WalkingPad R1 (661774),19 039₴,"",https://content1.rozetka.com.ua/goods/images/big/253805187.jpg,https://rozetka.com.ua/kingsmith_661774/p335732851/
Силиконовая смазка High Tech Aerosol HTA Sport Silicone Lube для беговых дорожек и тренажеров 500 мл (01051),480₴,8,https://content.rozetka.com.ua/goods/images/big/14181325.jpg,https://rozetka.com.ua/hta_01051/p81176451/
Механическая беговая дорожка Supretto (5798-0001),4 479₴,13,https://content1.rozetka.com.ua/goods/images/big/164655799.jpg,https://rozetka.com.ua/supretto_5798_0001/p259563721/
Орбитрек HouseFit E-8259EL,15 120₴,6,https://content1.rozetka.com.ua/goods/images/big/249644793.jpg,https://rozetka.com.ua/housefit_hb_8259el/p10033930/
"Батут SkyJump 10 ft., 312 см.c защитной сеткой и лесенкой (SJ10ft312)",6 427₴,11,https://content2.rozetka.com.ua/goods/images/big/11269532.jpg,https://rozetka.com.ua/skyjump_sj10ft312/p24097745/
Орбитрек Hammer CROSSTECH XTR (Hammer_4125),13 300₴,2,https://content1.rozetka.com.ua/goods/images/big/164396717.jpg,https://rozetka.com.ua/hammer_hammer_4125/p282919533/
Беговая дорожка EnergyFIT EF-1450,20 159₴,21,https://content1.rozetka.com.ua/goods/images/big/126478688.jpg,https://rozetka.com.ua/energyfit_ef_1450/p206946715/
Беговая дорожка EnergyFIT 510T,10 751₴,132,https://content.rozetka.com.ua/goods/images/big/128999397.jpg,https://rozetka.com.ua/energyfit_510t/p41761152/
Велотренажер магнитный FitLand YK-B1901A,8 208₴,"",https://content2.rozetka.com.ua/goods/images/big/227364440.jpg,https://rozetka.com.ua/fitland-yk-b1901a/p321664255/
Степпер EnergyFIT GB-S038B,2 700₴,3,https://content2.rozetka.com.ua/goods/images/big/203584157.jpg,https://rozetka.com.ua/energyfit-gb-s038b/p313608379/
Орбитрек EnergyFIT GB-515E,8 959₴,23,https://content.rozetka.com.ua/goods/images/big/24084912.jpg,https://rozetka.com.ua/energyfit_gb_515e/p208232281/
"Складная Беговая Дорожка для Дома до 110 кг с Углом Наклона, Электрическая Беговая Дорожка с Вибро Массажером Atleto A2",12 399₴,2,https://content.rozetka.com.ua/goods/images/big/232598244.jpg,https://rozetka.com.ua/322777225/p322777225/
Велотренажер USA Style магнитный (GB-MKB002),6 159₴,"",https://content.rozetka.com.ua/goods/images/big/238158656.jpg,https://rozetka.com.ua/usa_style_gbmk_b002/p327280888/
Степпер поворотный EnergyFIT GB-S032X,3 359₴,57,https://content.rozetka.com.ua/goods/images/big/18672847.jpg,https://rozetka.com.ua/energyfit_gb_s032x/p144108862/
Велотренажер 7FIT T8002 EcoPower (7FR8002B),2 700₴,12,https://content.rozetka.com.ua/goods/images/big/250349042.jpg,https://rozetka.com.ua/7fit_7fr8002b/p28288761/
Велотренажер 7FIT T8018 Intenso Red (7FI8018R),2 542₴,12,https://content1.rozetka.com.ua/goods/images/big/178141372.jpg,https://rozetka.com.ua/7fit_7fi8018r/p262355871/
Орбитрек USA Style магнитный US7501,15 999₴,4,https://content.rozetka.com.ua/goods/images/big/153495929.jpg,https://rozetka.com.ua/usa_style_us7501/p278226618/
Велотренажер Zipro Drift магнитный,6 050₴,"",https://content.rozetka.com.ua/goods/images/big/241476787.jpg,https://rozetka.com.ua/329106391/p329106391/
Спинбайк Malatec велотренажер механический 9644,4 916₴,"",https://content2.rozetka.com.ua/goods/images/big/179129744.jpg,https://rozetka.com.ua/297477618/p297477618/
Велотренажер механический Plenergy V1 Зелёный,4 159₴,"",https://content2.rozetka.com.ua/goods/images/big/223409334.jpg,https://rozetka.com.ua/319549513/p319549513/
РЕГУЛИРУЕМАЯ СКАМЬЯ WCG-005,1 783₴,"",https://content.rozetka.com.ua/goods/images/big/199592041.jpg,https://rozetka.com.ua/302844353/p302844353/
Велотренажер для реабилитации нижней и верхней части тела Malatec 9642,1 371₴,2,https://content1.rozetka.com.ua/goods/images/big/176105726.jpg,https://rozetka.com.ua/249942101/p249942101/
Орбітрек магнітний Atleto QN-103 (21321902),4 565₴,"",https://content1.rozetka.com.ua/goods/images/big/226257388.jpg,https://rozetka.com.ua/314102194/p314102194/
Беговая дорожка EnergyFit EF-K577,22 399₴,53,https://content1.rozetka.com.ua/goods/images/big/15689959.jpg,https://rozetka.com.ua/energyfit_ef_k577/p101560530/
Профессиональная беговая дорожка электрическая WCG-H9606M VIP Run з с вибромассажером + 2 гимнастические гантели (2x1кг) и твистер для тренировки мышц живота,19 569₴,"",https://content1.rozetka.com.ua/goods/images/big/246327784.png,https://rozetka.com.ua/331762510/p331762510/
Беговая дорожка FitToSky ES-T1509,7 999₴,"",https://content2.rozetka.com.ua/goods/images/big/241053132.jpg,https://rozetka.com.ua/328892059/p328892059/
Бігова доріжка Atleto A15,11 170₴,"",https://content1.rozetka.com.ua/goods/images/big/44460520.jpg,https://rozetka.com.ua/271861556/p271861556/
Орбитрек Besport BS-1006E HUNTER,7 567₴,"",https://content.rozetka.com.ua/goods/images/big/79345506.jpg,https://rozetka.com.ua/275196968/p275196968/
Орбитрек Hammer Crosstech XTR 4125,11 875₴,4,https://content2.rozetka.com.ua/goods/images/big/34416790.png,https://rozetka.com.ua/254641646/p254641646/
Батут для тренировок LivePro Trampoline (LP8250),4 018₴,3,https://content.rozetka.com.ua/goods/images/big/16759471.jpg,https://rozetka.com.ua/livepro_lp8250/p115667131/
Мини-велотренажер Supretto Mini Bike (C029-0001),1 903₴,16,https://content2.rozetka.com.ua/goods/images/big/17316075.jpg,https://rozetka.com.ua/supretto_c029_0001/p124694076/
Орбитрек Jinyuan JY-8508 Red (714720),7 615₴,"",https://content.rozetka.com.ua/goods/images/big/253735564.jpg,https://rozetka.com.ua/jinyuan-714720/p335701351/
Орбитрек Zipro Hulk,13 899₴,"",https://content2.rozetka.com.ua/goods/images/big/250038147.jpg,https://rozetka.com.ua/313179928/p313179928/
Ручка для тяги EasyFit одинарная закрытая хромированная на дельту/бицепс (рукоятка для тяги) EFOD15,346₴,"",https://content2.rozetka.com.ua/goods/images/big/197455270.jpg,https://rozetka.com.ua/81928509/p81928509/
Роликовый тренажер Крытый Стенд Домашний Упражнение 24-29 дюймов (ВЕЛОСИПЕД В КОМПЛЕКТ НЕ ВХОДИТЬ!!!) GJB-024,5 965₴,"",https://content1.rozetka.com.ua/goods/images/big/160300461.jpg,https://rozetka.com.ua/279517263/p279517263/
Лавка-скамья для пресса Feel Fit гиперэкстензия (L-1),1 399₴,3,https://content.rozetka.com.ua/goods/images/big/248859092.jpg,https://rozetka.com.ua/249415821/p249415821/
Беговая дорожка EnergyFIT 1440,13 999₴,7,https://content1.rozetka.com.ua/goods/images/big/32540118.jpg,https://rozetka.com.ua/energyfit_1440/p250687296/
Дорожка для ходьбы KingSmith WalkingPad С2 Blue (6970492712122),16 799₴,"",https://content1.rozetka.com.ua/goods/images/big/250576351.jpg,https://rozetka.com.ua/kingsmith_6970492712122/p334017766/
Многофункциональный степпер с гантелей Supretto Twister Stepper (5819-0001),5 500₴,3,https://content2.rozetka.com.ua/goods/images/big/164657154.jpg,https://rozetka.com.ua/supretto_5819_0001/p258240691/
"Велотренажер, Спинбайк FitToSky ES-703",6 499₴,2,https://content2.rozetka.com.ua/goods/images/big/198953432.jpg,https://rozetka.com.ua/312960367/p312960367/
Велотренажер магнитный EcoFit E-103B,6 692₴,1,https://content.rozetka.com.ua/goods/images/big/204709963.jpg,https://rozetka.com.ua/ecofit-e-103b/p313799899/
Мини-степпер Supretto (4960) (4960-0001),1 999₴,3,https://content2.rozetka.com.ua/goods/images/big/160899057.jpg,https://rozetka.com.ua/supretto_4960_0001/p173649267/
"Силиконовая смазка для беговой дорожки Diamant SO-126, 0,5 л",409₴,5,https://content.rozetka.com.ua/goods/images/big/12442478.jpg,https://rozetka.com.ua/53253078/p53253078/
Турник раздвижной Newt 80-120 см (NE-043-120),514₴,3,https://content1.rozetka.com.ua/goods/images/big/178322851.jpg,https://rozetka.com.ua/newt_ne_043_120/p267012541/
Блин (диск) RN-Sport 5 кг для гантели (штанги) с Quatro хватом под гриф Ø25 мм (RN_quatro 5),450₴,3,https://content.rozetka.com.ua/goods/images/big/100243898.jpg,https://rozetka.com.ua/rn_sport_rn_quatro_5/p275816408/
Гантели наборные Newt Rock Pro-R композитные в пластиковой оболочке 2 шт по 11.5 кг (NE-PL-R-011-2),1 500₴,5,https://content2.rozetka.com.ua/goods/images/big/14131384.jpg,https://rozetka.com.ua/newt_ne_pl_r_011_2/p80369103/
Скамья атлетическая SТ-003 InterAtletika (SТ 003),3 990₴,50,https://content.rozetka.com.ua/goods/images/big/45587004.jpg,https://rozetka.com.ua/interatletika_st003/p241849/
Электрическая Cкладная Беговая Дорожка для Дома до 140 кг с Автоматическим Углом и с Массажером King Sport T450MS,21 399₴,"",https://content2.rozetka.com.ua/goods/images/big/255182148.jpg,https://rozetka.com.ua/336405814/p336405814/
Гребной тренажер Finnlo Aquon Water Glide 3709,41 720₴,"",https://content2.rozetka.com.ua/goods/images/big/129879623.png,https://rozetka.com.ua/214655845/p214655845/
Велотренажер Hop-Sport HS-045H Eos серый,6 688₴,6,https://content2.rozetka.com.ua/goods/images/big/259435174.jpg,https://rozetka.com.ua/42467840/p42467840/
Беговая дорожка FitLogic T210E,15 500₴,3,https://content1.rozetka.com.ua/goods/images/big/20290195.jpg,https://rozetka.com.ua/fitlogic_t210e/p271490436/
Степпер inSPORTline ProfiStair,308 271₴,"",https://content1.rozetka.com.ua/goods/images/big/240028069.jpg,https://rozetka.com.ua/328240261/p328240261/
Гиря виниловая Stein 8 кг Желтый (LKDB-611-8),1 232₴,4,https://content2.rozetka.com.ua/goods/images/big/88257014.jpg,https://rozetka.com.ua/stein_lkdb_611_8/p275598148/
Гребной тренажер Hop-Sport HS-095R Spike серый+ мат,21 998₴,"",https://content1.rozetka.com.ua/goods/images/big/259435624.jpg,https://rozetka.com.ua/187202268/p187202268/
"Гребной тренажер Fit-On Row Walnut M5 (Орех), код: 4433-0001",26 750₴,"",https://content2.rozetka.com.ua/goods/images/big/9073645.jpg,https://rozetka.com.ua/225308347/p225308347/
"Батут комнатный детский FitToSky 102 см, синий",1 649₴,1,https://content.rozetka.com.ua/goods/images/big/227972173.jpg,https://rozetka.com.ua/321837940/p321837940/
Гантели для фитнеса Neo Sport 1 кг 2 шт (NS1KGХ2),179₴,48,https://content.rozetka.com.ua/goods/images/big/183609855.jpg,https://rozetka.com.ua/neo_sport_ns1kgx2/p301901918/
Беговая дорожка HouseFit HT 9186E,29 344₴,"",https://content.rozetka.com.ua/goods/images/big/76082982.jpg,https://rozetka.com.ua/housefit_ht_9186eb/p83160195/
Орбитрек TOORX Elliptical ERX 300 (929371),28 200₴,"",https://content.rozetka.com.ua/goods/images/big/223271732.jpg,https://rozetka.com.ua/toorx_929371/p319494709/
Гриф гантельный Champion с полимерной накладкой 320 мм 1.65 кг (CHM00544),370₴,"",https://content.rozetka.com.ua/goods/images/big/246229301.jpg,https://rozetka.com.ua/champion-chm00544/p331717501/
Механический Велотренажер до 100 кг для Дома и Квартиры Atleto QN-B201 Инерционный велотренажер Синий,1 899₴,"",https://content1.rozetka.com.ua/goods/images/big/257949115.jpg,https://rozetka.com.ua/337325959/p337325959/
Батут EnergyFIT GB10102-8FT,8 499₴,16,https://content2.rozetka.com.ua/goods/images/big/185312163.jpg,https://rozetka.com.ua/energyfit_gb10102_8ft/p2554192/
Турник брусья на стену SAB 5 в 1 (4в1) c упором для пресса Разборной белый домашний настенный спортивный тренажер(В2),1 150₴,1,https://content1.rozetka.com.ua/goods/images/big/14099768.png,https://rozetka.com.ua/80055992/p80055992/
Орбитрек Finnlo Loxon 3284,27 272₴,3,https://content2.rozetka.com.ua/goods/images/big/230162714.jpg,https://rozetka.com.ua/46107000/p46107000/
Орбитрек inSPORTline Atlanta Black,18 412₴,"",https://content1.rozetka.com.ua/goods/images/big/61953639.jpg,https://rozetka.com.ua/49267814/p49267814/
Универсальная скамья для жима со стойками RN-Sport + штанга 125 кг 3 грифа (NeoBit3gr125),11 424₴,1,https://content1.rozetka.com.ua/goods/images/big/216348143.jpg,https://rozetka.com.ua/rn-sport-neobit3gr125/p316093987/
Беговая дорожка Hop-Sport HS-1500LB Vista,22 998₴,1,https://content1.rozetka.com.ua/goods/images/big/249695247.jpg,https://rozetka.com.ua/224831815/p224831815/
Гантель наборная Newt Rock Pro-R композитная в пластиковой оболочке 19.5 кг (NE-PL-R-019),975₴,"",https://content1.rozetka.com.ua/goods/images/big/14136045.jpg,https://rozetka.com.ua/newt_ne_pl_r_019/p80498049/
W штанга RN-Sport гранилитная 50 кг (GB-W50),1 750₴,15,https://content.rozetka.com.ua/goods/images/big/60170732.jpg,https://rozetka.com.ua/rn_sport_gb_w50/p43351240/
Гриф гантельный с пластиковыми гайками Neo Sport 450мм/30мм (NEO_GR45M),190₴,7,https://content.rozetka.com.ua/goods/images/big/11152759.jpg,https://rozetka.com.ua/neo_sport_neo_gr45m/p21155814/
Орбітрек Hop-Sport HS-2050C Cosmo магнітний чорний/червоний,8 998₴,"",https://content.rozetka.com.ua/goods/images/big/199522029.jpg,https://rozetka.com.ua/288533738/p288533738/
Шведская стенка FitLogic FL01,4 750₴,134,https://content.rozetka.com.ua/goods/images/big/10597452.jpg,https://rozetka.com.ua/fitlogic_fl01/p195605/
Диск гантельный Newt Rock Pro композитный в пластиковой оболочке 2.5 кг (NE-PL-D-2),95₴,27,https://content2.rozetka.com.ua/goods/images/big/10958245.jpg,https://rozetka.com.ua/newt_ne_pl_d_2/p14639276/
Магнитный Велотренажер для Дома и для Квартиры до 100 кг Atleto QN-B501 Инерционный велотренажер,3 640₴,"",https://content2.rozetka.com.ua/goods/images/big/256149906.jpg,https://rozetka.com.ua/336883180/p336883180/
Велотренажер механический Malatec R7625,2 799₴,2,https://content1.rozetka.com.ua/goods/images/big/11977727.jpg,https://rozetka.com.ua/271185521/p271185521/
Велотренажер домашний 7FIT T8002 EcoPower Оригинал,2 195₴,"",https://content.rozetka.com.ua/goods/images/big/86286451.jpg,https://rozetka.com.ua/105992079/p105992079/
Турник настенный PullUp 3 хвата обычный + широкий + узкий хват черный (P1041),897₴,24,https://content1.rozetka.com.ua/goods/images/big/76873592.jpg,https://rozetka.com.ua/84965106/p84965106/
Велотренажер Hop-Sport HS-015H Vox синій,6 288₴,1,https://content2.rozetka.com.ua/goods/images/big/188762421.jpg,https://rozetka.com.ua/169677404/p169677404/
"Батут для фитнеса Movtotop 40 (102 см) складной, до 120 кг",2 100₴,"",https://content1.rozetka.com.ua/goods/images/big/188933794.jpg,https://rozetka.com.ua/306183418/p306183418/
"Складная Беговая Дорожка для Дома до 120 кг с Углом Наклона, Электрическая Беговая Дорожка с Вибро Массажером Atleto A13",13 599₴,"",https://content.rozetka.com.ua/goods/images/big/253162060.jpg,https://rozetka.com.ua/335378470/p335378470/
Тренажер мини степпер (Mini stepper) (Арт. 4960-1),1 999₴,"",https://content1.rozetka.com.ua/goods/images/big/161492332.jpg,https://rozetka.com.ua/280938173/p280938173/
"Бігова дорожка T-350М King Sport USA з масажером, + твістер+ з 2 підстаканниками і сенсорним екраном, складна телескопічна",16 765₴,"",https://content2.rozetka.com.ua/goods/images/big/115639124.jpg,https://rozetka.com.ua/276542128/p276542128/
"Батут FitToSky Black 152 см, розовый",3 349₴,"",https://content.rozetka.com.ua/goods/images/big/227972442.jpg,https://rozetka.com.ua/321837955/p321837955/
Беговая дорожка электрическая WCG-H105,7 918₴,"",https://content2.rozetka.com.ua/goods/images/big/235510051.jpg,https://rozetka.com.ua/325443202/p325443202/
Тренажер для шеи Power System Head Harness PS-4039 Black-blue (PS-4039_Black-Blue),750₴,1,https://content1.rozetka.com.ua/goods/images/big/10762638.jpg,https://rozetka.com.ua/power_system_ps_4039_blk_blue/p9744942/
"Скамья для жима, наклонная для пресса, брусья. WCG 2020 Скамья под штангу (складная)",2 769₴,1,https://content2.rozetka.com.ua/goods/images/big/199592728.jpg,https://rozetka.com.ua/302844713/p302844713/
Бігова доріжка Atleto A1 (50000001),10 802₴,6,https://content2.rozetka.com.ua/goods/images/big/162743643.jpg,https://rozetka.com.ua/64377138/p64377138/
Степпер Besport BS-9009 Stage черно-желтый,1 997₴,"",https://content.rozetka.com.ua/goods/images/big/247359178.jpg,https://rozetka.com.ua/312990805/p312990805/
Бігова доріжка Hop-Sport HS-900LB Clip,17 488₴,"",https://content.rozetka.com.ua/goods/images/big/235425693.jpg,https://rozetka.com.ua/209011363/p209011363/
Велотренажер спиннинговый inSPORTline Agneto,13 082₴,1,https://content2.rozetka.com.ua/goods/images/big/239085478.jpg,https://rozetka.com.ua/327799915/p327799915/
Орбитрек TOORX Elliptical ERX 65 (929370),13 437₴,"",https://content1.rozetka.com.ua/goods/images/big/223277986.jpg,https://rozetka.com.ua/toorx_929370/p319496002/
Орбитрек E-8729HA,16 688₴,"",https://content.rozetka.com.ua/goods/images/big/90466600.jpg,https://rozetka.com.ua/hsf_bk8729ha/p116076403/
Велотренажер Reebok ZJET 460 +Bluetooth (RVJF-12501SVBT),20 720₴,"",https://content2.rozetka.com.ua/goods/images/big/188763490.jpg,https://rozetka.com.ua/reebok_rvjf_12501svbt/p305999373/
Бігова доріжка Atleto A10 з масажером,18 246₴,"",https://content2.rozetka.com.ua/goods/images/big/44460516.jpg,https://rozetka.com.ua/271861571/p271861571/
Детский Батут 312 см Funfit с Защитной Сеткой и Лестницей для Детей до 120 кг Польша/США для Дачи,5 799₴,33,https://content2.rozetka.com.ua/goods/images/big/177550809.jpg,https://rozetka.com.ua/208493887/p208493887/
Лавка для тренувань Atleto QN-B202D,1 512₴,"",https://content2.rozetka.com.ua/goods/images/big/254044458.jpg,https://rozetka.com.ua/316920853/p316920853/
Балетный станок переносной легкий белый 2000мм,3 000₴,"",https://content1.rozetka.com.ua/goods/images/big/160513057.jpg,https://rozetka.com.ua/279732703/p279732703/
турник настенный SHKIPMASTER 2в1 разборной,600₴,11,https://content.rozetka.com.ua/goods/images/big/196917166.jpg,https://rozetka.com.ua/252897741/p252897741/
Гантель неопреновая HouseFit 1 кг (DD 64181),180₴,48,https://content1.rozetka.com.ua/goods/images/big/56086529.jpg,https://rozetka.com.ua/housefit_dd_64181/p28486817/
Силиконовая смазка High Tech Aerosol HTA Sport Silicone Lube для беговых дорожек и тренажеров 300 мл (01052),320₴,6,https://content2.rozetka.com.ua/goods/images/big/14181970.jpg,https://rozetka.com.ua/hta_01052/p81191463/
Беговая дорожка EnergyFit EF-M111,12 319₴,24,https://content1.rozetka.com.ua/goods/images/big/84473675.jpg,https://rozetka.com.ua/energyfit_ef_m111/p101535000/
Гантель разборная RN-Sport Long 10 кг (long_10),590₴,10,https://content.rozetka.com.ua/goods/images/big/97716661.jpg,https://rozetka.com.ua/rn_sport_long_10/p132866906/
Реабилитационный велотренажер Dual Bike (Дуал Байк) (Арт. T001),3 499₴,3,https://content1.rozetka.com.ua/goods/images/big/249444533.jpg,https://rozetka.com.ua/106729803/p106729803/
"Инверсионный стол Fit-On Taurus, код: 8776-0001",6 499₴,10,https://content1.rozetka.com.ua/goods/images/big/9073370.jpg,https://rozetka.com.ua/54653550/p54653550/
Гантель PowerPlay 4126 неопреновая 2 кг Зеленая (PP_4126_2kg),270₴,7,https://content.rozetka.com.ua/goods/images/big/232656638.jpg,https://rozetka.com.ua/powerplay-pp-4126-2kg/p324280132/
Велотренажер Assault Air Bike,42 000₴,"",https://content2.rozetka.com.ua/goods/images/big/14878170.jpg,https://rozetka.com.ua/92106488/p92106488/
Батут King Sport 252см c сеткой и лестницей,5 390₴,7,https://content1.rozetka.com.ua/goods/images/big/244721274.png,https://rozetka.com.ua/271568011/p271568011/
Турник настенный InterAtletika (SТ 021.1),950₴,111,https://content2.rozetka.com.ua/goods/images/big/7002688.jpg,https://rozetka.com.ua/interatletika_st021_1/p682884/
Реабилитационная беговая дорожка inSPORTline Neblin,24 777₴,1,https://content.rozetka.com.ua/goods/images/big/236822407.jpg,https://rozetka.com.ua/41911400/p41911400/
Гребной тренажер Hammer Cobra 4536,11 919₴,"",https://content1.rozetka.com.ua/goods/images/big/60089481.jpg,https://rozetka.com.ua/43117416/p43117416/
Магнитный велотренажер Zipro Boost,8 053₴,"",https://content.rozetka.com.ua/goods/images/big/224193291.jpg,https://rozetka.com.ua/319964926/p319964926/
Турник брусья на стену SAB 5 в 1 (4в1) c упором для пресса Разборной черный домашний настенный спортивный тренажер(В2),1 150₴,26,https://content1.rozetka.com.ua/goods/images/big/251761530.jpg,https://rozetka.com.ua/80055998/p80055998/
Скамья для жима Top и штанга 75 кг RN-Sport,4 400₴,"",https://content2.rozetka.com.ua/goods/images/big/190270896.jpg,https://rozetka.com.ua/306991423/p306991423/
Турник настенный Sportko усиленный (SP-6523TS),950₴,2,https://content1.rozetka.com.ua/goods/images/big/224626735.jpg,https://rozetka.com.ua/ivn-sp-6523ts/p318920272/
Велотренажер R130 Energic Body,1 999₴,9,https://content.rozetka.com.ua/goods/images/big/15722719.jpg,https://rozetka.com.ua/101851494/p101851494/
Диск Newt металлический 1 кг (TI-0011),110₴,101,https://content2.rozetka.com.ua/goods/images/big/166615943.jpg,https://rozetka.com.ua/newt_ti_0011/p3814599/
Велотренажер Eb Fit B105,3 699₴,"",https://content1.rozetka.com.ua/goods/images/big/183605633.jpg,https://rozetka.com.ua/302034293/p302034293/
"Гантель виниловая LivePro 1 шт. Зеленая (LP8076-1,5)",279₴,"",https://content1.rozetka.com.ua/goods/images/big/8426059.jpg,https://rozetka.com.ua/livepro_lp8076_1_5/p268659266/
"Гребной тренажер Fit-On Row Oak M5 (Дуб), код: 4432-0001",23 985₴,"",https://content2.rozetka.com.ua/goods/images/big/9077516.jpg,https://rozetka.com.ua/225308341/p225308341/
Беговая дорожка Plenergy A2 Черная (TM-A2),26 320₴,"",https://content1.rozetka.com.ua/goods/images/big/234117185.jpg,https://rozetka.com.ua/plenergy-tm-a2/p325046155/
Станок балетный с крепежом в пол черный 2000 мм,5 220₴,"",https://content1.rozetka.com.ua/goods/images/big/160513117.jpg,https://rozetka.com.ua/279732728/p279732728/
"Складная Беговая Дорожка для Дома до 90 кг с Углом Наклона, Электрическая Беговая Дорожка с Амортизацией Atleto A17",7 399₴,"",https://content2.rozetka.com.ua/goods/images/big/254017308.jpg,https://rozetka.com.ua/335832406/p335832406/
Орбітрек магнітний Atleto QN-103 (21321902),4 565₴,"",https://content1.rozetka.com.ua/goods/images/big/247441383.jpg,https://rozetka.com.ua/314002144/p314002144/
Орбитрек Hop-Sport HS-100C Galaxy серый iConsole+,33 898₴,"",https://content.rozetka.com.ua/goods/images/big/249695160.jpg,https://rozetka.com.ua/187202569/p187202569/
Турник брусья пресс SHKIPMASTER 8в1 усиленный,1 400₴,6,https://content.rozetka.com.ua/goods/images/big/258258177.jpg,https://rozetka.com.ua/252897751/p252897751/
"Бігова дорожка T-350 King Sport USA з 2 підстаканниками і сенсорним екраном, складна телескопічна",14 259₴,1,https://content.rozetka.com.ua/goods/images/big/115638953.jpg,https://rozetka.com.ua/276542118/p276542118/
Велотренажер Hop-Sport HS-045H Eos синий,6 688₴,5,https://content1.rozetka.com.ua/goods/images/big/259435205.jpg,https://rozetka.com.ua/56305884/p56305884/
Беговая дорожка EnergyFIT 828,22 999₴,2,https://content1.rozetka.com.ua/goods/images/big/135960242.jpg,https://rozetka.com.ua/energyfit_828/p228022159/
Электрическая беговая дорожка WCG-H9606M + Гантели + Масссажор,18 314₴,"",https://content2.rozetka.com.ua/goods/images/big/234976664.jpg,https://rozetka.com.ua/325443169/p325443169/
Гантели наборные Newt 2 шт по 4.5 кг (NE-300-GP005-2),1 235₴,10,https://content1.rozetka.com.ua/goods/images/big/13998664.jpg,https://rozetka.com.ua/newt_ne_300_gp005_2/p78633968/
Ручка для тяги к животу двойная нижнего блока EasyFit хромированная (рукоятка для нижней тяги),528₴,1,https://content.rozetka.com.ua/goods/images/big/197439947.jpg,https://rozetka.com.ua/81928455/p81928455/
Турник раздвижной IVN в дверной проем 62-100 см (IV-4383-62-100),600₴,9,https://content1.rozetka.com.ua/goods/images/big/30169056.jpg,https://rozetka.com.ua/ivn_iv_4383_62_100/p243329263/
Орбітрек Hop-Sport HS-2050C Cosmo магнітний чорний/синій,8 998₴,"",https://content.rozetka.com.ua/goods/images/big/192066580.jpg,https://rozetka.com.ua/288533768/p288533768/
Набор из двух пластиковых гантелей InterAtletika по 1 кг Синий (ST 560.1-1),195₴,426,https://content1.rozetka.com.ua/goods/images/big/10602907.jpg,https://rozetka.com.ua/interatletika_2kh1_st_56011/p256964/
Орбитрек Hammer Speed-Motion BT 4107,24 157₴,"",https://content.rozetka.com.ua/goods/images/big/229522457.jpg,https://rozetka.com.ua/46107928/p46107928/
Велотренажер Mini bike (Арт. C029),1 699₴,"",https://content.rozetka.com.ua/goods/images/big/249448607.jpg,https://rozetka.com.ua/136370226/p136370226/
Складной велотренажер inSPORTline Xbike Cube,6 947₴,"",https://content.rozetka.com.ua/goods/images/big/239085356.jpg,https://rozetka.com.ua/327799882/p327799882/
Велотренажер Hop-Sport HS-2070 Onyx червоний,7 968₴,4,https://content1.rozetka.com.ua/goods/images/big/235412552.png,https://rozetka.com.ua/50856166/p50856166/
Набор штанга + гантели Neo Sport START 50 кг (NEO_START50),2 299₴,5,https://content2.rozetka.com.ua/goods/images/big/178147532.jpg,https://rozetka.com.ua/neo_sport_neo_start50/p262591676/
Силовая станция FitToSky ES-5612,4 099₴,"",https://content.rozetka.com.ua/goods/images/big/198953415.jpg,https://rozetka.com.ua/312960364/p312960364/
Велотренажер Jinyuan JY-8503 Green (714719),5 375₴,"",https://content.rozetka.com.ua/goods/images/big/254373579.jpg,https://rozetka.com.ua/jinyuan-714719/p336015157/
Скамья универсальная ( Для Жима И Пресса ) WCG-1010,2 277₴,2,https://content1.rozetka.com.ua/goods/images/big/199592569.png,https://rozetka.com.ua/302844308/p302844308/
Велотренажер Fitline ES-8005 Point механический красный,2 498₴,15,https://content.rozetka.com.ua/goods/images/big/259435276.jpg,https://rozetka.com.ua/76355826/p76355826/
Степпер Hop-Sport HS-035S Joy салатовый,3 138₴,8,https://content.rozetka.com.ua/goods/images/big/259435387.jpg,https://rozetka.com.ua/187201792/p187201792/
"Спортивная Шведская стенка для взрослых металлическая для дома, зала, квартиры с турником 238х66см grey 60350",14 875₴,"",https://content2.rozetka.com.ua/goods/images/big/184779555.jpg,https://rozetka.com.ua/248385715/p248385715/
Степпер с эспандерами USA Style Lexfit Черно-желтый (LAB-1008),3 080₴,2,https://content.rozetka.com.ua/goods/images/big/83714539.jpg,https://rozetka.com.ua/usa_style_lab_1008/p274191438/
Беговая дорожка EnergyFIT 589S,42 559₴,"",https://content2.rozetka.com.ua/goods/images/big/240375367.png,https://rozetka.com.ua/energyfit-589s/p327106804/
Напольные Брусья CORENGTH 3 Уровня Высоты до 130кг Черные,3 789₴,"",https://content1.rozetka.com.ua/goods/images/big/224433138.jpg,https://rozetka.com.ua/320102359/p320102359/
Магнитная беговая дорожка Vigor MT20,5 999₴,"",https://content.rozetka.com.ua/goods/images/big/251979240.jpg,https://rozetka.com.ua/320697076/p320697076/
Велотренажер магнитный Hop-Sport HS-2050H Sonic синий,7 288₴,"",https://content1.rozetka.com.ua/goods/images/big/259342809.jpg,https://rozetka.com.ua/272141961/p272141961/
Гантель наборная Newt 17.5 кг (TI-968-745-17),1 834₴,272,https://content2.rozetka.com.ua/goods/images/big/10644518.jpg,https://rozetka.com.ua/newt_ti_968_745_17/p2374462/
Бігова доріжка Atleto QN-213C-2,3 530₴,1,https://content1.rozetka.com.ua/goods/images/big/217816425.jpg,https://rozetka.com.ua/316920844/p316920844/
Гантель RN-Sport композитная 14 кг с хром грифом,1 076₴,49,https://content.rozetka.com.ua/goods/images/big/13023728.jpg,https://rozetka.com.ua/rn_sport_14/p61803614/
Степ платформа Hop-Sport Professional,2 498₴,"",https://content1.rozetka.com.ua/goods/images/big/162083910.jpg,https://rozetka.com.ua/214279111/p214279111/
Фитнес станция USA Style LKH-110 многофункциональная,22 389₴,"",https://content1.rozetka.com.ua/goods/images/big/24100935.jpg,https://rozetka.com.ua/usa_style_lkh_110/p208369627/
Канат EasyFit двойной для трицепса (для тяги на блочном тренажере двойным хватом) EFKNT70,341₴,5,https://content2.rozetka.com.ua/goods/images/big/197455185.jpg,https://rozetka.com.ua/38555152/p38555152/
Детский Батут 252 см Funfit с Защитной Сеткой и Лестницей для Детей до 120 кг Польша/США для Дачи,4 599₴,93,https://content1.rozetka.com.ua/goods/images/big/215354165.jpg,https://rozetka.com.ua/208493899/p208493899/
Мини-велотренажер inSPORTline Pynero,2 080₴,"",https://content2.rozetka.com.ua/goods/images/big/163860396.jpg,https://rozetka.com.ua/281859863/p281859863/
Беговая дорожка HRS T280,11 500₴,"",https://content1.rozetka.com.ua/goods/images/big/180099073.jpg,https://rozetka.com.ua/195560954/p195560954/
Скамья для пресса Элит ST 001.3 InterAtletika (SТ 001.3),2 000₴,4,https://content2.rozetka.com.ua/goods/images/big/10601589.jpg,https://rozetka.com.ua/interatletika_st001.3/p241816/
Инверсионный стол WCG-108,5 950₴,"",https://content1.rozetka.com.ua/goods/images/big/184626535.jpg,https://rozetka.com.ua/302844863/p302844863/
Батут King Sport 183см c сеткой и лестницей,4 610₴,5,https://content.rozetka.com.ua/goods/images/big/244720825.png,https://rozetka.com.ua/266845306/p266845306/
"Комплект защитного покрытия RN-Sport из резины под скамью, штангу, гантели 2х2 м ( Pol22)",2 229₴,"",https://content1.rozetka.com.ua/goods/images/big/167958014.jpg,https://rozetka.com.ua/rn_sport_pol22/p287003643/
Гантель разборная с сменными дисками Neo Sport  21 кг (NEO_G21K),899₴,35,https://content.rozetka.com.ua/goods/images/big/251861639.jpg,https://rozetka.com.ua/neo_sport_neo_g21k/p21155408/
Беговая дорожка Т350М King Sport USA с массажером + Твистер + Гантели в подарок,16 460₴,"",https://content1.rozetka.com.ua/goods/images/big/231669939.jpg,https://rozetka.com.ua/269963931/p269963931/
Орбитрек Tunturi FitCross 50i 17TFCR5400,16 907₴,14,https://content2.rozetka.com.ua/goods/images/big/65330017.png,https://rozetka.com.ua/58626940/p58626940/
Бігова доріжка Atleto QN-213C-2 (21321910),3 877₴,"",https://content.rozetka.com.ua/goods/images/big/246122077.jpg,https://rozetka.com.ua/314386000/p314386000/
Бігова доріжка Atleto QN-213C-2 (21321910),3 877₴,"",https://content.rozetka.com.ua/goods/images/big/247437031.jpg,https://rozetka.com.ua/314988817/p314988817/
Гантель наборная Newt Rock 10 кг (NE-K-400-010),499₴,108,https://content2.rozetka.com.ua/goods/images/big/50491840.jpg,https://rozetka.com.ua/newt_ne_k_400_010/p12549490/
Набор гантелей PowerPlay 4118 12 кг (PP_4118_12кг),1 800₴,23,https://content1.rozetka.com.ua/goods/images/big/11267282.jpg,https://rozetka.com.ua/powerplay_pp_4118_12kg/p23651076/
Электрическая беговая дорожка с массажером FitToSky ES-T2705,11 999₴,"",https://content.rozetka.com.ua/goods/images/big/241053149.jpg,https://rozetka.com.ua/328892056/p328892056/
Балетный станок настенный,2 170₴,"",https://content2.rozetka.com.ua/goods/images/big/255309232.jpg,https://rozetka.com.ua/336465304/p336465304/
Турник брусья пресс SHKIPMASTER 4 в 1 усиленный,1 200₴,8,https://content2.rozetka.com.ua/goods/images/big/236221677.jpg,https://rozetka.com.ua/252897731/p252897731/
Эллиптический степпер BS-1010 NUTS,7 447₴,"",https://content1.rozetka.com.ua/goods/images/big/76688090.jpg,https://rozetka.com.ua/275196958/p275196958/
Велотренажер Adidas C-21 (AVUS-10401),24 976₴,"",https://content2.rozetka.com.ua/goods/images/big/240318231.jpg,https://rozetka.com.ua/adidas_avus_10401/p328462735/
Профессиональная электрическая беговая дорожка SportTach T-320,10 900₴,"",https://content2.rozetka.com.ua/goods/images/big/251638946.jpg,https://rozetka.com.ua/334557871/p334557871/
Станок балетный стеновой стандарт черный 2000 мм,3 500₴,"",https://content1.rozetka.com.ua/goods/images/big/160513139.jpg,https://rozetka.com.ua/279732813/p279732813/
Набор штанга + гантели Neo Sport STRONG 117 кг (NEO_STRONG117),4 299₴,3,https://content1.rozetka.com.ua/goods/images/big/178154091.jpg,https://rozetka.com.ua/neo_sport_neo_strong117/p262737596/
Cкладная Беговая Дорожка для Дома до 120 кг с Углом Наклона Электрическая Беговая Дорожка с Массажером Atleto A5,14 499₴,"",https://content1.rozetka.com.ua/goods/images/big/232598231.jpg,https://rozetka.com.ua/322777216/p322777216/
Станок хореографический одноуровневый,3 032₴,"",https://content2.rozetka.com.ua/goods/images/big/255310926.png,https://rozetka.com.ua/336465319/p336465319/
Скамья для пресса и гиперэкстензий Tunturi CT80 Core Trainer (17TSCT8000),10 702₴,"",https://content.rozetka.com.ua/goods/images/big/51144297.jpg,https://rozetka.com.ua/tunturi_ct80_core_trainer/p14428994/
Велотренажер Plenergy V1 Зелёный (EB-V1),4 900₴,"",https://content2.rozetka.com.ua/goods/images/big/234096603.jpg,https://rozetka.com.ua/plenergy-eb-v1/p325042105/
Орбитрек TopTrack K8731H,19 662₴,7,https://content2.rozetka.com.ua/goods/images/big/52874275.jpg,https://rozetka.com.ua/toptrack_k8731h/p18789134/
Гантели разборные RN-Sport чугунные 2 шт по 6 кг (RN_QTR06х2),1 726₴,19,https://content.rozetka.com.ua/goods/images/big/100215588.jpg,https://rozetka.com.ua/rn_sport_rn_qtr06h2/p275772013/
Турник раздвижной Newt 62-100 см (NE-2-40-B),445₴,13,https://content.rozetka.com.ua/goods/images/big/178320795.jpg,https://rozetka.com.ua/newt_ne_2_40_b/p267009151/
"Спортивная Шведская стенка для взрослых металлическая для дома, квартиры с турником 230х104 см black 60341",11 300₴,"",https://content1.rozetka.com.ua/goods/images/big/184779506.jpg,https://rozetka.com.ua/248385571/p248385571/
Детский батут Fun Fit 252 см с сеткой и лестницей,4 350₴,12,https://content1.rozetka.com.ua/goods/images/big/22383340.jpg,https://rozetka.com.ua/193188787/p193188787/
"Спортивная Шведская стенка для взрослых металлическая для дома, квартиры с турником 238х66 см black 60353",15 081₴,"",https://content1.rozetka.com.ua/goods/images/big/184779593.jpg,https://rozetka.com.ua/248385775/p248385775/
Гантели наборные Newt Rock Pro композитные в пластиковой оболочке 2 шт по 19 кг (NE-PL-G-019-2),1 649₴,1,https://content1.rozetka.com.ua/goods/images/big/171329730.jpg,https://rozetka.com.ua/newt_ne_pl_g_019_2/p290740408/
Беговая дорожка FitToSky ES-T2001 6км,6 799₴,"",https://content1.rozetka.com.ua/goods/images/big/241053133.jpg,https://rozetka.com.ua/328892065/p328892065/
Беговая дорожка FitLogic T33,25 900₴,6,https://content.rozetka.com.ua/goods/images/big/54843204.jpg,https://rozetka.com.ua/fitlogic_t33/p24624432/
Гантель наборная стальная Champion 37.5 кг (CHM00396),4 704₴,114,https://content.rozetka.com.ua/goods/images/big/27119441.jpg,https://rozetka.com.ua/champion_a00396/p231801187/
Велотренажер HouseFit HB 8268HPM,20 720₴,12,https://content1.rozetka.com.ua/goods/images/big/50359747.jpg,https://rozetka.com.ua/housefit_hb_8268hpm/p12223121/
Велотренажер Hop-Sport HS-015H Vox золотистый,6 288₴,1,https://content1.rozetka.com.ua/goods/images/big/259435615.jpg,https://rozetka.com.ua/187202261/p187202261/
Гребной тренажер Hammer Water Stream 4542,25 990₴,1,https://content2.rozetka.com.ua/goods/images/big/193694112.jpg,https://rozetka.com.ua/309484983/p309484983/
Дорожка для ходьбы KingSmith WalkingPad С2 Yellow (6970492712146),16 799₴,"",https://content2.rozetka.com.ua/goods/images/big/250579654.jpg,https://rozetka.com.ua/kingsmith_6970492712146/p334030507/
Велотренажер Spirit SU139-43,17 864₴,14,https://content.rozetka.com.ua/goods/images/big/48495214.jpg,https://rozetka.com.ua/spirit_su139/p6450124/
"Орбитрек складной Sunny SF-E902 Air Walk Trainer с экраном LCD, до 100 кг",4 500₴,"",https://content2.rozetka.com.ua/goods/images/big/197647734.jpg,https://rozetka.com.ua/312427705/p312427705/
Орбитрек EcoFit E 607EA,12 432₴,1,https://content1.rozetka.com.ua/goods/images/big/108713372.jpg,https://rozetka.com.ua/ecofit_e_607ea/p162970018/
Гантели наборные-разборные (набор гантелей) металлические-чугунные OSPORT 2шт по 13.5 кг (OF-0094),3 226₴,"",https://content2.rozetka.com.ua/goods/images/big/196871211.jpg,https://rozetka.com.ua/312088528/p312088528/
Поворотный твист-степпер SportVida 40х46 см Разноцветный 000156868,2 999₴,1,https://content1.rozetka.com.ua/goods/images/big/190372935.jpg,https://rozetka.com.ua/307098488/p307098488/
"Силиконовая смазка для беговой дорожки Diamant SO-125, 0,25 л",235₴,10,https://content.rozetka.com.ua/goods/images/big/12442363.jpg,https://rozetka.com.ua/53253060/p53253060/
Велотренажер BS-1006B GAINER,6 577₴,2,https://content2.rozetka.com.ua/goods/images/big/76688482.jpg,https://rozetka.com.ua/275196953/p275196953/
Велотренажер Fitline ES-8018 Point механический оранжевый,2 498₴,2,https://content1.rozetka.com.ua/goods/images/big/259342916.jpg,https://rozetka.com.ua/272142276/p272142276/
Велотренажер 7FIT T8005 Evolution (7FT8005R),2 575₴,38,https://content2.rozetka.com.ua/goods/images/big/6995109.jpg,https://rozetka.com.ua/7fit_7ft8005r/p28287833/
Орбитрек Zipro Hulk Rs,12 899₴,"",https://content.rozetka.com.ua/goods/images/big/199626016.jpg,https://rozetka.com.ua/313179922/p313179922/
Степпер Hammer Cross Stepper 4131,14 990₴,"",https://content.rozetka.com.ua/goods/images/big/224797617.jpg,https://rozetka.com.ua/320311996/p320311996/
Штанга разборная RN-Sport 105 кг с ABS покрытием (BB-105),3 412₴,26,https://content.rozetka.com.ua/goods/images/big/60171089.jpg,https://rozetka.com.ua/rn_sport_bb_105/p43352160/
Орбитрек Tunturi Fitcross 50i (17TFCR5400),18 936₴,4,https://content1.rozetka.com.ua/goods/images/big/152662006.jpg,https://rozetka.com.ua/tunturi_17tfcr5000/p260762481/
Гребний тренажер аеромагнітний Hop-Sport HS-070R Rush,15 988₴,5,https://content1.rozetka.com.ua/goods/images/big/235412526.jpg,https://rozetka.com.ua/39525392/p39525392/
Степпер с эспандерами Plenergy STPL-X1YL Черно-желтый,2 878₴,15,https://content1.rozetka.com.ua/goods/images/big/234069713.jpg,https://rozetka.com.ua/plenergy_stpl_x1yl/p51686856/
Беговая дорожка Т350 King Sport USA + Твистер в подарок,13 890₴,4,https://content1.rozetka.com.ua/goods/images/big/231669944.jpg,https://rozetka.com.ua/269963951/p269963951/
Гантели RN-Sport гранилитные по 10 кг комплект 2шт (GD-10_2),1 017₴,73,https://content2.rozetka.com.ua/goods/images/big/98421524.jpg,https://rozetka.com.ua/rn_sport_gd_10_2/p135017994/
"Батут SkyJump 8 фт., 252 см с защитной сеткой",4 489₴,2,https://content2.rozetka.com.ua/goods/images/big/15722789.jpg,https://rozetka.com.ua/101851602/p101851602/
Гантели LiveUp Vinyl Dumbbell EGG HEAD 1 кг пара Оранжевые (LS2001-1),424₴,14,https://content2.rozetka.com.ua/goods/images/big/63227063.jpg,https://rozetka.com.ua/liveup_ls2001_1/p53902080/
Портативный педальный тренажер Supretto Easy (5631) (5631-0001),1 200₴,7,https://content1.rozetka.com.ua/goods/images/big/253186427.jpg,https://rozetka.com.ua/supretto_5631_0001/p173699646/
"Механічна бігова доріжка FitToSky ES-M16 з ЖК-дисплеєм і транспортувальними колесами + вимір пульсу, до 100 кг",4 782₴,"",https://content.rozetka.com.ua/goods/images/big/139435585.jpg,https://rozetka.com.ua/277967928/p277967928/
Гантель наборная Newt Rock Pro композитная в пластиковой оболочке 5.5 кг (NE-PL-G-005),400₴,172,https://content2.rozetka.com.ua/goods/images/big/10958246.jpg,https://rozetka.com.ua/newt_ne_pl_g_005/p14645762/
Беговая дорожка EnergyFIT EF-CM3,22 399₴,"",https://content2.rozetka.com.ua/goods/images/big/233753857.jpg,https://rozetka.com.ua/energyfit_ef_cm3/p306835028/
Степпер Hop-Sport HS-055S Noble синий,3 798₴,1,https://content2.rozetka.com.ua/goods/images/big/259342877.jpg,https://rozetka.com.ua/272142241/p272142241/
Гантель RN-Sport битумная 23 кг (BD-23),900₴,52,https://content2.rozetka.com.ua/goods/images/big/60171441.jpg,https://rozetka.com.ua/rn_sport_bd_23/p43352568/
Пад Kidigo Premium 244 см Red (67008),3 315₴,"",https://content.rozetka.com.ua/goods/images/big/227307153.jpg,https://rozetka.com.ua/kidigo_67008/p321640759/
Механический Велотренажер до 100 кг для Дома и Квартиры USA King Sport Bike Инерционный велотренажер,2 299₴,"",https://content1.rozetka.com.ua/goods/images/big/233392377.jpg,https://rozetka.com.ua/324649936/p324649936/
Полотно для беговой дорожки Eurogroup SR-000193,1 100₴,1,https://content.rozetka.com.ua/goods/images/big/13554427.jpg,https://rozetka.com.ua/72052227/p72052227/
Гиперэкстензия InterAtletika HL009,4 200₴,5,https://content2.rozetka.com.ua/goods/images/big/22008647.jpg,https://rozetka.com.ua/interatletika_hl009/p186898909/
Батут с ручкой LivePro Trampoline With Handle (LP8250B),4 475₴,3,https://content2.rozetka.com.ua/goods/images/big/90319050.jpg,https://rozetka.com.ua/livepro_lp8250b/p115667137/
Батут FitToSky 404см красный,8 999₴,"",https://content2.rozetka.com.ua/goods/images/big/180148720.jpg,https://rozetka.com.ua/281837958/p281837958/
Турник Cosfer для дверей и коридоров шириной от 83 до 130 см (CSFKB130001),993₴,"",https://content1.rozetka.com.ua/goods/images/big/125848137.jpg,https://rozetka.com.ua/cosfer_csfkb130001/p205554799/
Скамья для пресса SТ-004 InterAtletika (SТ 004),2 590₴,173,https://content.rozetka.com.ua/goods/images/big/10601645.jpg,https://rozetka.com.ua/interatletika_st004/p241850/
Велотренажер механічний Atleto QN-B201 чорний,1 729₴,1,https://content2.rozetka.com.ua/goods/images/big/216274446.jpg,https://rozetka.com.ua/316055761/p316055761/
Велотренажер механічний Atleto QN-B201 синій,1 679₴,"",https://content.rozetka.com.ua/goods/images/big/216273754.jpg,https://rozetka.com.ua/316055737/p316055737/
Спортивный комплекс RN-Sport турник-брусья 5 в 1 (5in1 power),2 072₴,17,https://content2.rozetka.com.ua/goods/images/big/67368871.jpg,https://rozetka.com.ua/rn_sport_5in1_power/p63898798/
"Электрическая Беговая Дорожка для Дома до 130 кг с Углом Наклона, Складная Беговая Дорожка с Амортизацией HRS T500",10 499₴,3,https://content1.rozetka.com.ua/goods/images/big/245834866.jpg,https://rozetka.com.ua/254360561/p254360561/
Скамья для жима универсальная до 200 кг А002 Hardcore GYM,2 020₴,"",https://content.rozetka.com.ua/goods/images/big/185904035.jpg,https://rozetka.com.ua/303746203/p303746203/
Гантель виниловая Stein 1.5 кг Оранжевая (LKDB-504A-1.5),280₴,5,https://content1.rozetka.com.ua/goods/images/big/168147033.jpg,https://rozetka.com.ua/stein_lkdb_504a_1_5/p287165803/
Велотренажер inSPORTline Cabaleira,4 537₴,"",https://content2.rozetka.com.ua/goods/images/big/217933817.jpg,https://rozetka.com.ua/316987618/p316987618/
Турник Supretto Iron Gym (B036-0001),850₴,10,https://content1.rozetka.com.ua/goods/images/big/17313882.jpg,https://rozetka.com.ua/supretto_b036_0001/p124625854/
"Складная Беговая Дорожка для Дома до 95 кг с Углом Наклона, Электрическая Беговая Дорожка Atleto A9",7 599₴,"",https://content1.rozetka.com.ua/goods/images/big/232598250.jpg,https://rozetka.com.ua/322777240/p322777240/
Батут детский Funfit 183 см до 90 кг Польша/США с защитной сеткой,3 899₴,"",https://content1.rozetka.com.ua/goods/images/big/192147925.jpg,https://rozetka.com.ua/208493941/p208493941/
Беговая дорожка EnergyFIT 815D,22 815₴,23,https://content2.rozetka.com.ua/goods/images/big/235852684.png,https://rozetka.com.ua/energyfit_815d/p122132118/
Беговая дорожка True Alpine Runner TI1000X Envision 16,402 523₴,"",https://content.rozetka.com.ua/goods/images/big/17091472.png,https://rozetka.com.ua/120936022/p120936022/
Гиперэкстензия InterAtletika СТ063 (SТ 063.1),2 850₴,31,https://content.rozetka.com.ua/goods/images/big/10765217.jpg,https://rozetka.com.ua/interatletika_st_063_1/p9830685/
Диски для штанг и гантелей Neo Sport по 1.25 кг 2 шт (NEO_D2X125K),101₴,32,https://content.rozetka.com.ua/goods/images/big/53633232.jpg,https://rozetka.com.ua/neo_sport_neo_d2x125k/p21155478/
Коврик под тренажер LiveUp Eva Inter-Lock Mat 60х60х1.2 см Black (LS3259),630₴,2,https://content2.rozetka.com.ua/goods/images/big/48827945.jpg,https://rozetka.com.ua/liveup_lock_mat_ls3259/p7383570/
Балетний станок переносной двусторонний черный бархат 2000мм,6 500₴,"",https://content1.rozetka.com.ua/goods/images/big/160512996.jpg,https://rozetka.com.ua/279732613/p279732613/
"Складная Беговая Дорожка для Дома до 110 кг с Углом Наклона, Электрическая Беговая Дорожка с Амортизацией Atleto A1",10 199₴,2,https://content2.rozetka.com.ua/goods/images/big/238617603.jpg,https://rozetka.com.ua/327542629/p327542629/
Велотренажер домашний 7FIT T8005 Evolution Оригинал,2 290₴,8,https://content2.rozetka.com.ua/goods/images/big/86286419.jpg,https://rozetka.com.ua/105992001/p105992001/
"Фитнес станция Fit-On G2, код 1020-0080",14 900₴,1,https://content2.rozetka.com.ua/goods/images/big/70558153.jpg,https://rozetka.com.ua/163011472/p163011472/
Гребной тренажер Besport BS-6032R SWIMMER магнитный черно-желтый,9 997₴,2,https://content.rozetka.com.ua/goods/images/big/162097686.jpg,https://rozetka.com.ua/262985076/p262985076/
Турник Cosfer настенный (CSF5580001),2 025₴,2,https://content.rozetka.com.ua/goods/images/big/125848283.jpg,https://rozetka.com.ua/cosfer_csf5580001/p205554781/
"Механічна бігова доріжка FitToSky ES-M15 з ЖК-дисплеєм і транспортувальними колесами + вимір пульсу, до 100 кг",4 194₴,"",https://content1.rozetka.com.ua/goods/images/big/139434707.jpg,https://rozetka.com.ua/277967953/p277967953/
Гантели LiveUp Cement Dumbell 2 шт х 2 кг Green (LS2003-2),297₴,7,https://content1.rozetka.com.ua/goods/images/big/53534618.jpg,https://rozetka.com.ua/liveup_ls2003_2/p20859056/
Мини-велотренажер inSPORTline Raryo,1 154₴,"",https://content.rozetka.com.ua/goods/images/big/239085265.jpg,https://rozetka.com.ua/327799831/p327799831/
Гантель виниловая Stein 4 кг Синяя (LKDB-504A-4),712₴,"",https://content1.rozetka.com.ua/goods/images/big/242287171.jpg,https://rozetka.com.ua/stein_lkdb_504a_4/p287187188/
Орбитрек BH Fitness Khronos G260,75 499₴,1,https://content.rozetka.com.ua/goods/images/big/199634244.jpg,https://rozetka.com.ua/313181479/p313181479/
Беговая дорожка Shua V1,19 999₴,"",https://content.rozetka.com.ua/goods/images/big/243478667.jpg,https://rozetka.com.ua/322637005/p322637005/
"Накладка на гриф EasyFit Comfort 75 черная для тяжелой атлетики (мягкая, смягчающая подкладка для штанги, защита для шеи и плеч) EFSNGBK",174₴,3,https://content.rozetka.com.ua/goods/images/big/219789235.jpg,https://rozetka.com.ua/317956324/p317956324/
Сайкл-тренажер TOORX Indoor Cycle SRX 50S (SRX-50S) (8029975996554),15 300₴,1,https://content2.rozetka.com.ua/goods/images/big/223222147.jpg,https://rozetka.com.ua/toorx-8029975996554/p319426144/
Горизонтальный велотренажер Hop-Sport HS-060L Pulse красный 2020,13 698₴,1,https://content1.rozetka.com.ua/goods/images/big/259342749.jpg,https://rozetka.com.ua/187202303/p187202303/
Турник настенный InterAtletika (HL019),2 868₴,6,https://content.rozetka.com.ua/goods/images/big/34873871.jpg,https://rozetka.com.ua/interatletika_hl019/p255661781/
Диск тренировочный InterAtletika Синий 2.5 кг (SТ 521-3),400₴,5,https://content2.rozetka.com.ua/goods/images/big/10627804.jpg,https://rozetka.com.ua/interatletika_st521_3/p1528982/
Беговая дорожка электрическая Vigor (XPL300),9 999₴,"",https://content2.rozetka.com.ua/goods/images/big/251979217.jpg,https://rozetka.com.ua/320697067/p320697067/
"Спортивная Шведская стенка для взрослых металлическая для дома, квартиры с турником 238х66 см white RikiPro",17 144₴,1,https://content1.rozetka.com.ua/goods/images/big/184779568.jpg,https://rozetka.com.ua/248385745/p248385745/
Складной велотренажер inSPORTline Xbike Light,4 575₴,"",https://content2.rozetka.com.ua/goods/images/big/239085359.jpg,https://rozetka.com.ua/327799867/p327799867/
Дорожка для ходьбы KingSmith WalkingPad С2 White (6970492712092),16 799₴,"",https://content1.rozetka.com.ua/goods/images/big/250577609.jpg,https://rozetka.com.ua/kingsmith_6970492712092/p334030255/
"Скамья для жима RN-Sport с тренажерами, стойки для приседаний + штанга 125 кг + 3 грифа (RN0160_АLL)",18 200₴,1,https://content2.rozetka.com.ua/goods/images/big/174822544.jpg,https://rozetka.com.ua/rn_sport_rn0160_all/p294127148/
Диск RN-Sport битумный 5 кг 31 мм (B-5-31),140₴,50,https://content.rozetka.com.ua/goods/images/big/60170168.jpg,https://rozetka.com.ua/rn_sport_b_5_31/p43349432/
Диск тренировочный InterAtletika Черный 2.5 кг (SТ 520-3),400₴,29,https://content1.rozetka.com.ua/goods/images/big/10628065.jpg,https://rozetka.com.ua/interatletika_st520_3/p1528897/
Турник USA Style LEXFIT для дверей и коридоров (LCR-2130A),325₴,3,https://content2.rozetka.com.ua/goods/images/big/74101198.jpg,https://rozetka.com.ua/usa_style_lcr_2130a/p274384608/
Орбитрек Besport BS-1020E RUNNER магнитный черно-желтый,6 987₴,"",https://content2.rozetka.com.ua/goods/images/big/162107793.jpg,https://rozetka.com.ua/262985071/p262985071/
Профессиональная электрическая беговая дорожка SportTach T-280,12 300₴,"",https://content.rozetka.com.ua/goods/images/big/251638958.jpg,https://rozetka.com.ua/334557883/p334557883/
W штанга RN-Sport битумная 32 кг (BB-W32),1 750₴,22,https://content1.rozetka.com.ua/goods/images/big/12059127.jpg,https://rozetka.com.ua/rn_sport_bb_w32/p43351904/
Станок балетный стеновой люкс черный 2000 мм,2 460₴,"",https://content.rozetka.com.ua/goods/images/big/160513086.jpg,https://rozetka.com.ua/279732708/p279732708/
Велотренажер Jinyuan JY-8503 Red (714718),5 375₴,"",https://content1.rozetka.com.ua/goods/images/big/254397401.jpg,https://rozetka.com.ua/jinyuan-714718/p336024169/
Велотренажер механічний Atleto QN-B201 червоний (21321900),2 024₴,"",https://content2.rozetka.com.ua/goods/images/big/243032431.jpg,https://rozetka.com.ua/314102203/p314102203/
Гребной тренажер Besport BS-1006R BOATER,10 997₴,"",https://content2.rozetka.com.ua/goods/images/big/79346751.jpg,https://rozetka.com.ua/275196948/p275196948/
Батут Just Fun 140 см (JF 140 multi (4.5FT)),2 839₴,3,https://content2.rozetka.com.ua/goods/images/big/171818872.jpg,https://rozetka.com.ua/189941025/p189941025/
Велотренажер магнітний Atleto QN-B501,3 348₴,"",https://content.rozetka.com.ua/goods/images/big/216274455.jpg,https://rozetka.com.ua/316055767/p316055767/
Беговая дорожка FitToSky ES-T2002 8км,7 399₴,"",https://content2.rozetka.com.ua/goods/images/big/241053141.jpg,https://rozetka.com.ua/328892062/p328892062/
Велотренажер King Sport Bike USA механический,2 310₴,2,https://content2.rozetka.com.ua/goods/images/big/178565355.jpg,https://rozetka.com.ua/274003818/p274003818/
"Фитнес станция Fit-On G1, код 1010-0055",12 900₴,1,https://content.rozetka.com.ua/goods/images/big/70545681.jpg,https://rozetka.com.ua/163011388/p163011388/
Велотренажер механічний Atleto QN-B201 червоний,1 679₴,1,https://content1.rozetka.com.ua/goods/images/big/216274413.jpg,https://rozetka.com.ua/316055743/p316055743/
Велотренажер Besport BS-10201B WINNER магнитный черно-желтый,5 577₴,5,https://content1.rozetka.com.ua/goods/images/big/161405716.jpg,https://rozetka.com.ua/262985066/p262985066/
Велотренажер 7FIT T8018 Intenso Black (7FI8018B),2 700₴,12,https://content.rozetka.com.ua/goods/images/big/178141796.jpg,https://rozetka.com.ua/7fit_7fi8018b/p262449306/
"Комплект: лавка со стойками, штанга та гатели 103 кг Hardcore GYM (А184)",4 650₴,"",https://content1.rozetka.com.ua/goods/images/big/235599375.jpg,https://rozetka.com.ua/325813495/p325813495/
Гантель цельная Champion 17.5 кг с полимерной накладкой на грифе (CHM00416-17.5),1 785₴,5,https://content2.rozetka.com.ua/goods/images/big/178232133.jpg,https://rozetka.com.ua/champion_00416_17_5/p264634686/
Орбітрек Hop-Sport HS-003C Focus сірий,8 648₴,2,https://content1.rozetka.com.ua/goods/images/big/188763012.jpg,https://rozetka.com.ua/83429772/p83429772/
Бігова доріжка Atleto A17,7 141₴,1,https://content.rozetka.com.ua/goods/images/big/44460539.jpg,https://rozetka.com.ua/271861566/p271861566/
Кольца гимнастические с карабином InterAtletika SТ 020.2-К,280₴,11,https://content.rozetka.com.ua/goods/images/big/11910318.jpg,https://rozetka.com.ua/interatletika_st_020_2_k/p39491256/
"Диск RN-Sport гранилитный 2.5 кг (G-2,5)",62₴,24,https://content1.rozetka.com.ua/goods/images/big/12059135.jpg,https://rozetka.com.ua/rn_sport_g_2_5/p43350208/
Велотренажер Hop-Sport HS-2070 Onyx сірий,7 968₴,2,https://content1.rozetka.com.ua/goods/images/big/235412571.jpg,https://rozetka.com.ua/52140768/p52140768/
Турник-брусья настенный Newt Iron 3 в 1 с мягкими ручками Черный (NE-TR-3B),1 877₴,1,https://content2.rozetka.com.ua/goods/images/big/221191798.png,https://rozetka.com.ua/newt-ne-tr-3b/p318526597/
Велотренажер магнітний Hop-Sport HS-2090H Aveo чорний,9 898₴,2,https://content1.rozetka.com.ua/goods/images/big/192066582.jpg,https://rozetka.com.ua/288533783/p288533783/
Стойки под штангу со страховкой 50х50 мм (Т-образная) А120 Hardcore GYM,3 140₴,3,https://content2.rozetka.com.ua/goods/images/big/185902283.jpg,https://rozetka.com.ua/303746138/p303746138/
Орбитрек True 900 Elliptical XC900E Envision 16,344 973₴,"",https://content2.rozetka.com.ua/goods/images/big/17091437.png,https://rozetka.com.ua/120936142/p120936142/
Батут FunFit 312 см с дождевой системой в комплекте,5 099₴,40,https://content1.rozetka.com.ua/goods/images/big/226963415.jpg,https://rozetka.com.ua/195560548/p195560548/
Бігова доріжка Runner Pro 8000,8 499₴,2,https://content.rozetka.com.ua/goods/images/big/9158519.png,https://rozetka.com.ua/269588401/p269588401/
Комплекс Турник-брусья-пресс ST-023.1 InterAtletika (SТ023.1),2 550₴,33,https://content2.rozetka.com.ua/goods/images/big/10683624.jpg,https://rozetka.com.ua/interatletika_st_023_1/p5217290/
Беговая дорожка EnergyFIT EF-U3,19 823₴,3,https://content.rozetka.com.ua/goods/images/big/233764306.jpg,https://rozetka.com.ua/energyfit_ef_u3/p306835008/
Гантели для фитнеса Neo Sport 2 кг 2 шт (NS2KGХ2),299₴,44,https://content.rozetka.com.ua/goods/images/big/183792091.jpg,https://rozetka.com.ua/neo_sport_ns1kgx2/p301906293/
Батут для фитнеса с поручнем inSPORTline Cordy 114см розовый,4 550₴,1,https://content.rozetka.com.ua/goods/images/big/10341775.jpg,https://rozetka.com.ua/270881161/p270881161/
Лавка для тренувань Atleto QN-B202B (20321908),2 124₴,"",https://content.rozetka.com.ua/goods/images/big/209289080.jpg,https://rozetka.com.ua/314102209/p314102209/
Гантель наборная IVN стальная 5.5 кг (A00309),700₴,96,https://content1.rozetka.com.ua/goods/images/big/11879887.jpg,https://rozetka.com.ua/champion_a00309/p38943376/
Гантель шестигранная обрезиненная HouseFit 8 кг (DD 6442-8),1 524₴,20,https://content2.rozetka.com.ua/goods/images/big/70176558.jpg,https://rozetka.com.ua/housefit_dd_6442_8/p70389914/
Гантель виниловая HouseFit 4 кг (DD 6948-4),720₴,43,https://content.rozetka.com.ua/goods/images/big/11504158.jpg,https://rozetka.com.ua/housefit_dd_6948_4/p29969327/
Станок балетный переносной легкий белый антик 1500мм.,2 500₴,"",https://content2.rozetka.com.ua/goods/images/big/160513162.jpg,https://rozetka.com.ua/279732808/p279732808/
Механическая беговая дорожка Wellamart (Арт. 5798),3 999₴,4,https://content.rozetka.com.ua/goods/images/big/249442837.jpg,https://rozetka.com.ua/276720788/p276720788/
Велотренажер Hop-Sport HS-2080 Spark чорно-сріблястий (2020),9 568₴,5,https://content.rozetka.com.ua/goods/images/big/188762419.jpg,https://rozetka.com.ua/148766089/p148766089/
Орбитрек Hop-Sport HS-050C Frost черно-красный 2020,16 798₴,2,https://content1.rozetka.com.ua/goods/images/big/249695172.jpg,https://rozetka.com.ua/187202723/p187202723/
Орбитрек FitLand YK-CT1901B,10 085₴,"",https://content2.rozetka.com.ua/goods/images/big/227383859.jpg,https://rozetka.com.ua/fitland-yk-ct1901b/p321686350/
Батут KIDIGO 183 см с защитной сеткой (BT183),7 339₴,7,https://content.rozetka.com.ua/goods/images/big/10605532.jpg,https://rozetka.com.ua/kidigo_183/p275803/
Гребний тренажер Hop-Sport HS-060R Cross червоний,11 468₴,3,https://content1.rozetka.com.ua/goods/images/big/172302820.jpg,https://rozetka.com.ua/39525448/p39525448/
Орбитрек Tunturi Cardio Fit C30 Crosstrainer (16TCFC3000),11 189₴,4,https://content2.rozetka.com.ua/goods/images/big/54784259.jpg,https://rozetka.com.ua/tunturi_16tcfc3000/p24504403/
Беговая дорожка для ходьбы inSPORTline Tyrion,17 932₴,"",https://content2.rozetka.com.ua/goods/images/big/236092091.jpg,https://rozetka.com.ua/326125705/p326125705/
Бігова доріжка Atleto A9,7 222₴,9,https://content2.rozetka.com.ua/goods/images/big/56494233.jpg,https://rozetka.com.ua/151249400/p151249400/
Многофункциональний турник Cosfer для дверей (CSF1192001),1 306₴,2,https://content2.rozetka.com.ua/goods/images/big/125849828.jpg,https://rozetka.com.ua/cosfer_csf1192001/p205556113/
"Батут SkyJump 6 фт., 183 см с защитной сеткой",3 899₴,3,https://content.rozetka.com.ua/goods/images/big/15722778.jpg,https://rozetka.com.ua/101851548/p101851548/
Гантели наборные Newt 2 шт по 10 кг (TI-968-746-5),2 138₴,43,https://content1.rozetka.com.ua/goods/images/big/13993587.jpg,https://rozetka.com.ua/newt_ti_968_746_5/p78582584/
Беговая дорожка HouseFit HT 9170E,38 080₴,1,https://content1.rozetka.com.ua/goods/images/big/10801485.jpg,https://rozetka.com.ua/housefit_ht_9170e/p11285495/
Турник брусья PullUp 3в1 с упором для пресса 4 хвата черный (P3043),1 798₴,25,https://content2.rozetka.com.ua/goods/images/big/233417472.jpg,https://rozetka.com.ua/84965544/p84965544/
Гантель разборная RN-Sport чугунная 8.5 кг (RN_QTR8.5),1 049₴,4,https://content.rozetka.com.ua/goods/images/big/163288665.jpg,https://rozetka.com.ua/rn_sport_rn_qtr8_5/p275798898/
Турник настенный InterAtletika (SТ 021.2),1 100₴,94,https://content2.rozetka.com.ua/goods/images/big/10617330.jpg,https://rozetka.com.ua/interatletika_st021_2/p682889/
Беговая дорожка FitToSky ES-M15,4 099₴,8,https://content2.rozetka.com.ua/goods/images/big/11159869.jpg,https://rozetka.com.ua/263911471/p263911471/
Детский батут Fun Fit 312 см с сеткой и лестницей,5 400₴,2,https://content1.rozetka.com.ua/goods/images/big/22383336.jpg,https://rozetka.com.ua/193188773/p193188773/
Скамья Для Жима универсальная WCG 0020 с Тягой и партой Скотта + Набор штанга и гантели на 98 кг,7 993₴,1,https://content1.rozetka.com.ua/goods/images/big/244656716.jpg,https://rozetka.com.ua/330880489/p330880489/
Скамья для жима RN-Sport ReadMeBlack + штанга 75 кг (RMB-75),7 045₴,"",https://content.rozetka.com.ua/goods/images/big/243278688.jpg,https://rozetka.com.ua/rn_sport_rmb_75/p330112363/
"Велотренажер, Спинбайк FitToSky ES-7702",5 799₴,4,https://content1.rozetka.com.ua/goods/images/big/198953083.jpg,https://rozetka.com.ua/312960370/p312960370/
Беговая дорожка Reebok ZJET 430 Series (RVJF-10221BKBT),40 699₴,1,https://content2.rozetka.com.ua/goods/images/big/15577255.jpg,https://rozetka.com.ua/reebok_rvjf_10221bkbt/p99344764/
Гантель наборная RN-Sport гранилитная 15 кг (RN1645),800₴,96,https://content1.rozetka.com.ua/goods/images/big/13024208.jpg,https://rozetka.com.ua/rn_sport_15/p61806701/
Орбитрек Zipro Shox RS магнитный,7 535₴,"",https://content1.rozetka.com.ua/goods/images/big/241476807.jpg,https://rozetka.com.ua/329106397/p329106397/
Коврик под тренажер TOORX Exercise Machines Mat MAT06-180 (929378),1 949₴,"",https://content1.rozetka.com.ua/goods/images/big/225380097.jpg,https://rozetka.com.ua/toorx-929378/p320650150/
Орбитрек Sportop E5500,44 016₴,13,https://content.rozetka.com.ua/goods/images/big/48336980.jpg,https://rozetka.com.ua/sportop_e5500/p5712819/
Гребной тренажер inSPORTline Power Master X,6 744₴,"",https://content2.rozetka.com.ua/goods/images/big/240023892.jpg,https://rozetka.com.ua/328236235/p328236235/
Беговая дорожка Reebok FR20 Floatride Series (RVFR-10121BK),42 559₴,"",https://content.rozetka.com.ua/goods/images/big/188725236.jpg,https://rozetka.com.ua/reebok_rvfr_10121bk/p305936193/
Гантели RN-Sport битумные по 21 кг комплект 2шт (BD-21),1 792₴,145,https://content2.rozetka.com.ua/goods/images/big/12059424.jpg,https://rozetka.com.ua/rn_sport_bd_21/p43352560/
Комплекс Турник-брусья ST-023 InterAtletika (SТ 023),1 870₴,79,https://content.rozetka.com.ua/goods/images/big/45586990.jpg,https://rozetka.com.ua/interatletika_st023/p241833/
Гантель RN-Sport композитная 13 кг,852₴,55,https://content.rozetka.com.ua/goods/images/big/66591500.jpg,https://rozetka.com.ua/rn_sport_rn_plast_013/p61815150/
Набор штанга + гантели Neo Sport POWER 70 кг (NEO_POWER70),2 699₴,10,https://content.rozetka.com.ua/goods/images/big/178154075.jpg,https://rozetka.com.ua/neo_sport_neo_power70/p262737576/
Скамья для жима HouseFit регулируемая (HG 2109),4 984₴,3,https://content1.rozetka.com.ua/goods/images/big/55393899.jpg,https://rozetka.com.ua/housefit_hg_2109/p26272153/
Комплект гантелей разборных со сменными дисками Neo Sport по 11 кг 2 шт (NEO_G2X11K),1 349₴,285,https://content1.rozetka.com.ua/goods/images/big/11151538.jpg,https://rozetka.com.ua/neo_sport_neo_g2x11k/p21104490/
"Тренажер Cardio Twister (Кардио Твистер), Черный (Арт. A008-1)",4 999₴,2,https://content2.rozetka.com.ua/goods/images/big/249446217.jpg,https://rozetka.com.ua/106729773/p106729773/
